<?xml version="1.0" encoding="UTF-8"?>
<archive date="20091007185846621" server="localhost" source="e9e0b381-79d1-4d84-8f95-ab824fe6f253" system="Sakai 1.0"><org.sakaiproject.announcement.api.AnnouncementService><channel context="e9e0b381-79d1-4d84-8f95-ab824fe6f253" id="main"><properties/><message body="QW5ub3VuY2VtZW50IDIgQm9kecKg" body-html="PGgzPkFubm91bmNlbWVudCAyIEJvZHkmbmJzcDs8L2gzPg=="><header access="channel" date="20091007175000000" draft="false" from="admin" id="777d46b2-bf80-41b2-8943-dbc59c762429" subject="Announcement 2"><attachment relative-url="/content/attachment/e9e0b381-79d1-4d84-8f95-ab824fe6f253/Announcements/af191518-4b93-4f37-8d5f-eed389555d89/Picture 11.png"/></header><properties><property enc="BASE64" name="SAKAI:pubview" value="dHJ1ZQ=="/><property enc="BASE64" name="retractDate" value="MjAwOTEwMTQxNzUwMDAwMDA="/><property enc="BASE64" name="releaseDate" value="MjAwOTEwMDcxNzUwMDAwMDA="/></properties></message><message body="QW5ub3VuY2VtZW50IDEgQm9keQ==" body-html="PGgzPkFubm91bmNlbWVudCAxIEJvZHk8L2gzPg=="><header access="channel" date="20091007175020302" draft="false" from="admin" id="21ef95f0-0e26-4359-ac95-2221b8e3765c" subject="Announcement 1"><attachment relative-url="/content/attachment/e9e0b381-79d1-4d84-8f95-ab824fe6f253/Announcements/e66d4dda-7fa0-4efc-9a83-de45f033e1a1/Picture 9.png"/></header><properties/></message><message body="T3BlbiBkYXRlIGZvciBhc3NpZ25tZW50IEFzc2lnbm1lbnQgMSBpcyAgT2N0IDcsIDIwMDkgMTI6MDAgcG0u" body-html="T3BlbiBkYXRlIGZvciBhc3NpZ25tZW50IEFzc2lnbm1lbnQgMSBpcyAgT2N0IDcsIDIwMDkgMTI6MDAgcG0u"><header access="channel" date="20091007180140991" draft="false" from="admin" id="0ff98544-54f7-4a18-b285-4989c16c3306" subject="Assignment: Open Date for Assignment 1"/><properties/></message><message body="T3BlbiBkYXRlIGZvciBhc3NpZ25tZW50IEFzc2lnbm1lbnQgMiBpcyAgT2N0IDcsIDIwMDkgMTI6MDAgcG0u" body-html="T3BlbiBkYXRlIGZvciBhc3NpZ25tZW50IEFzc2lnbm1lbnQgMiBpcyAgT2N0IDcsIDIwMDkgMTI6MDAgcG0u"><header access="channel" date="20091007180420065" draft="false" from="admin" id="38bb40a2-6850-4bf7-b1de-168216c96153" subject="Assignment: Open Date for Assignment 2"/><properties/></message></channel></org.sakaiproject.announcement.api.AnnouncementService></archive>