<?xml version="1.0" encoding="UTF-8"?>
<archive date="20091007185846621" server="localhost" source="e9e0b381-79d1-4d84-8f95-ab824fe6f253" system="Sakai 1.0"><sakai:content><resource body-location="93dd90dc-e6f1-4b05-b33f-e230799090a7" content-length="68360" content-type="image/png" filePath="/vol1/2009/280/17/4281a7e1-c133-4312-8595-049f9869e54e" id="/attachment/e9e0b381-79d1-4d84-8f95-ab824fe6f253/Schedule/d1c0f4ec-1788-4ecf-bf66-5dc2d1f960db/Picture 10.png" resource-type="org.sakaiproject.content.types.fileUpload" sakai:access_mode="inherited" sakai:hidden="false"><properties><property enc="BASE64" name="CHEF:creator" value="YWRtaW4="/><property enc="BASE64" name="CHEF:modifiedby" value="YWRtaW4="/><property enc="BASE64" name="CHEF:description" value="UGljdHVyZSAxMC5wbmc="/><property enc="BASE64" name="CHEF:is-collection" value="ZmFsc2U="/><property enc="BASE64" name="DAV:getlastmodified" value="MjAwOTEwMDcxNzQ5MTM0MTA="/><property enc="BASE64" name="DAV:getcontentlength" value="NjgzNjA="/><property enc="BASE64" name="DAV:getcontenttype" value="aW1hZ2UvcG5n"/><property enc="BASE64" name="DAV:creationdate" value="MjAwOTEwMDcxNzQ5MTM0MTA="/><property enc="BASE64" name="DAV:displayname" value="UGljdHVyZSAxMC5wbmc="/></properties></resource><resource body-location="07fb6059-b6a2-4080-b6d9-124aacfe790a" content-length="228818" content-type="image/png" filePath="/vol1/2009/280/17/6e57b2f5-b688-4ccf-a5ee-d2ef202b9f78" id="/attachment/e9e0b381-79d1-4d84-8f95-ab824fe6f253/Schedule/303b2d9a-96c9-4529-881a-cfcea58f5592/Picture 3.png" resource-type="org.sakaiproject.content.types.fileUpload" sakai:access_mode="inherited" sakai:hidden="false"><properties><property enc="BASE64" name="CHEF:creator" value="YWRtaW4="/><property enc="BASE64" name="CHEF:modifiedby" value="YWRtaW4="/><property enc="BASE64" name="CHEF:description" value="UGljdHVyZSAzLnBuZw=="/><property enc="BASE64" name="CHEF:is-collection" value="ZmFsc2U="/><property enc="BASE64" name="DAV:getlastmodified" value="MjAwOTEwMDcxNzQ2NTYxODE="/><property enc="BASE64" name="DAV:getcontentlength" value="MjI4ODE4"/><property enc="BASE64" name="DAV:getcontenttype" value="aW1hZ2UvcG5n"/><property enc="BASE64" name="DAV:creationdate" value="MjAwOTEwMDcxNzQ2NTYxODE="/><property enc="BASE64" name="DAV:displayname" value="UGljdHVyZSAzLnBuZw=="/></properties></resource><resource body-location="2fcf6ff8-662d-4019-9e8b-04bf578057fe" content-length="68463" content-type="image/png" filePath="/vol1/2009/280/17/4e8585d4-e9f4-44b6-b25f-e700fdcdcb61" id="/attachment/e9e0b381-79d1-4d84-8f95-ab824fe6f253/Schedule/9dbbcb28-63fa-4785-b3dd-c59847cdbdcb/Picture 7.png" resource-type="org.sakaiproject.content.types.fileUpload" sakai:access_mode="inherited" sakai:hidden="false"><properties><property enc="BASE64" name="CHEF:creator" value="YWRtaW4="/><property enc="BASE64" name="CHEF:modifiedby" value="YWRtaW4="/><property enc="BASE64" name="CHEF:description" value="UGljdHVyZSA3LnBuZw=="/><property enc="BASE64" name="CHEF:is-collection" value="ZmFsc2U="/><property enc="BASE64" name="DAV:getlastmodified" value="MjAwOTEwMDcxNzQ3NDI0NTg="/><property enc="BASE64" name="DAV:getcontentlength" value="Njg0NjM="/><property enc="BASE64" name="DAV:getcontenttype" value="aW1hZ2UvcG5n"/><property enc="BASE64" name="DAV:creationdate" value="MjAwOTEwMDcxNzQ3NDI0NTg="/><property enc="BASE64" name="DAV:displayname" value="UGljdHVyZSA3LnBuZw=="/></properties></resource><resource body-location="9e9774c2-2db5-4a51-9f53-acce153e2950" content-length="68518" content-type="image/png" filePath="/vol1/2009/280/17/f82e510e-4316-47c9-b804-3199f1ef19da" id="/attachment/e9e0b381-79d1-4d84-8f95-ab824fe6f253/Announcements/af191518-4b93-4f37-8d5f-eed389555d89/Picture 11.png" resource-type="org.sakaiproject.content.types.fileUpload" sakai:access_mode="inherited" sakai:hidden="false"><properties><property enc="BASE64" name="CHEF:creator" value="YWRtaW4="/><property enc="BASE64" name="CHEF:modifiedby" value="YWRtaW4="/><property enc="BASE64" name="CHEF:description" value="UGljdHVyZSAxMS5wbmc="/><property enc="BASE64" name="CHEF:is-collection" value="ZmFsc2U="/><property enc="BASE64" name="DAV:getlastmodified" value="MjAwOTEwMDcxNzUwNTA2NjI="/><property enc="BASE64" name="DAV:getcontentlength" value="Njg1MTg="/><property enc="BASE64" name="DAV:getcontenttype" value="aW1hZ2UvcG5n"/><property enc="BASE64" name="DAV:creationdate" value="MjAwOTEwMDcxNzUwNTA2NjE="/><property enc="BASE64" name="DAV:displayname" value="UGljdHVyZSAxMS5wbmc="/></properties></resource><resource body-location="11e87ca2-5254-406f-9b0b-a6ec8acfe317" content-length="85786" content-type="image/png" filePath="/vol1/2009/280/17/9d1e00db-b9c9-4e21-853e-5513c9ab3f18" id="/attachment/e9e0b381-79d1-4d84-8f95-ab824fe6f253/Announcements/e66d4dda-7fa0-4efc-9a83-de45f033e1a1/Picture 9.png" resource-type="org.sakaiproject.content.types.fileUpload" sakai:access_mode="inherited" sakai:hidden="false"><properties><property enc="BASE64" name="CHEF:creator" value="YWRtaW4="/><property enc="BASE64" name="CHEF:modifiedby" value="YWRtaW4="/><property enc="BASE64" name="CHEF:description" value="UGljdHVyZSA5LnBuZw=="/><property enc="BASE64" name="CHEF:is-collection" value="ZmFsc2U="/><property enc="BASE64" name="DAV:getlastmodified" value="MjAwOTEwMDcxNzUwMTAxMjU="/><property enc="BASE64" name="DAV:getcontentlength" value="ODU3ODY="/><property enc="BASE64" name="DAV:getcontenttype" value="aW1hZ2UvcG5n"/><property enc="BASE64" name="DAV:creationdate" value="MjAwOTEwMDcxNzUwMTAxMjU="/><property enc="BASE64" name="DAV:displayname" value="UGljdHVyZSA5LnBuZw=="/></properties></resource><resource body-location="b95b19df-8eae-498e-ae54-12cff59003ab" content-length="93355" content-type="image/png" filePath="/vol1/2009/280/18/06120f8a-615f-487a-84d0-1ad3097dd969" id="/attachment/e9e0b381-79d1-4d84-8f95-ab824fe6f253/Assignments/7ca0cd6b-eaae-49f9-bcb9-8992a5a0ddfb/Picture 14.png" resource-type="org.sakaiproject.content.types.fileUpload" sakai:access_mode="inherited" sakai:hidden="false"><properties><property enc="BASE64" name="CHEF:creator" value="YWRtaW4="/><property enc="BASE64" name="CHEF:modifiedby" value="YWRtaW4="/><property enc="BASE64" name="CHEF:description" value="UGljdHVyZSAxNC5wbmc="/><property enc="BASE64" name="CHEF:is-collection" value="ZmFsc2U="/><property enc="BASE64" name="DAV:getlastmodified" value="MjAwOTEwMDcxODAzMTUwMzQ="/><property enc="BASE64" name="DAV:getcontentlength" value="OTMzNTU="/><property enc="BASE64" name="DAV:getcontenttype" value="aW1hZ2UvcG5n"/><property enc="BASE64" name="DAV:creationdate" value="MjAwOTEwMDcxODAzMTUwMzQ="/><property enc="BASE64" name="DAV:displayname" value="UGljdHVyZSAxNC5wbmc="/></properties></resource><resource body-location="30d67804-b2c9-4fd4-ac19-4f6e2708c8ae" content-length="95528" content-type="image/png" filePath="/vol1/2009/280/18/09789fbf-3f5b-4a9e-82e1-564a7610db3f" id="/attachment/e9e0b381-79d1-4d84-8f95-ab824fe6f253/Assignments/c5db3d55-68b3-43ff-af7b-0e60d2bacc7a/Picture 12.png" resource-type="org.sakaiproject.content.types.fileUpload" sakai:access_mode="inherited" sakai:hidden="false"><properties><property enc="BASE64" name="CHEF:creator" value="YWRtaW4="/><property enc="BASE64" name="CHEF:modifiedby" value="YWRtaW4="/><property enc="BASE64" name="CHEF:description" value="UGljdHVyZSAxMi5wbmc="/><property enc="BASE64" name="CHEF:is-collection" value="ZmFsc2U="/><property enc="BASE64" name="DAV:getlastmodified" value="MjAwOTEwMDcxODAxMzU0Mzc="/><property enc="BASE64" name="DAV:getcontentlength" value="OTU1Mjg="/><property enc="BASE64" name="DAV:getcontenttype" value="aW1hZ2UvcG5n"/><property enc="BASE64" name="DAV:creationdate" value="MjAwOTEwMDcxODAxMzU0Mzc="/><property enc="BASE64" name="DAV:displayname" value="UGljdHVyZSAxMi5wbmc="/></properties></resource></sakai:content></archive>