<?xml version="1.0" encoding="UTF-8"?>
<archive date="20091007185846621" server="localhost" source="e9e0b381-79d1-4d84-8f95-ab824fe6f253" system="Sakai 1.0"><org.sakaiproject.calendar.api.CalendarService><calendar context="e9e0b381-79d1-4d84-8f95-ab824fe6f253" id="main"><properties><property enc="BASE64" name="CHEF:modifiedby" value="YWRtaW4="/><property enc="BASE64" name="DAV:getlastmodified" value="MjAwOTEwMDcxODA0MjAwNTY="/></properties><event access="site" id="d1fbefd2-a50a-405e-96f6-1c7c71a00066" range="20091014200000000]20091014210000000"><properties><property enc="BASE64" name="CHEF:creator" value="YWRtaW4="/><property enc="BASE64" name="CHEF:modifiedby" value="YWRtaW4="/><property enc="BASE64" name="CHEF:description" value="UmVjdXJyaW5nIGV2ZW50IDEgbWVzc2FnZQ=="/><property enc="BASE64" name="DAV:getlastmodified" value="MjAwOTEwMDcxNzQ5MTY3Mjg="/><property enc="BASE64" name="CHEF:calendar-type" value="Q2xhc3Mgc2VjdGlvbiAtIExhYg=="/><property enc="BASE64" name="CHEF:description-html" value="PGgzPlJlY3VycmluZyBldmVudCAxIG1lc3NhZ2U8L2gzPg=="/><property enc="BASE64" name="DAV:creationdate" value="MjAwOTEwMDcxNzQ5MTY3Mjg="/><property enc="BASE64" name="DAV:displayname" value="UmVjdXJyaW5nIGV2ZW50IDE="/><property enc="BASE64" name="CHEF:calendar-location" value="UmVjdXJyaW5nIGV2ZW50IDEgbG9jYXRpb24="/></properties><attachment relative-url="/content/attachment/e9e0b381-79d1-4d84-8f95-ab824fe6f253/Schedule/d1c0f4ec-1788-4ecf-bf66-5dc2d1f960db/Picture 10.png"/><rules><rule class="org.chefproject.osid.calendar.WeeklyRecurrenceRule" interval="1" name="WeeklyRecurrenceRule" until="20091231235959999"/></rules></event><event access="site" id="0ab3eb31-1abf-4887-b9a6-1344ce5da068" range="20091014210000000"><properties><property enc="BASE64" name="CHEF:creator" value="YWRtaW4="/><property enc="BASE64" name="CHEF:modifiedby" value="YWRtaW4="/><property enc="BASE64" name="CHEF:description" value="QXNzaWdubWVudCBBc3NpZ25tZW50IDIgaXMgZHVlIG9uIE9jdCAxNCwgMjAwOSA1OjAwIHBtLiA="/><property enc="BASE64" name="DAV:getlastmodified" value="MjAwOTEwMDcxODA0MjAwNTE="/><property enc="BASE64" name="CHEF:calendar-type" value="RGVhZGxpbmU="/><property enc="BASE64" name="CHEF:description-html" value="QXNzaWdubWVudCBBc3NpZ25tZW50IDIgaXMgZHVlIG9uIE9jdCAxNCwgMjAwOSA1OjAwIHBtLiA="/><property enc="BASE64" name="DAV:creationdate" value="MjAwOTEwMDcxODA0MjAwMzY="/><property enc="BASE64" name="DAV:displayname" value="RHVlIEFzc2lnbm1lbnQgMg=="/><property enc="BASE64" name="CHEF:calendar-location" value=""/><property enc="BASE64" name="CHEF:calendar-fields.new_assignment_duedate_calendar_assignment_id" value="NTEyMzJhMzMtMTk2Yi00MGE1LTgyMTAtNDZjNDE1YzIyZTBl"/></properties></event><event access="site" id="b541710f-4e94-4238-b3e5-ddd18b4dc98d" range="20091014210000000"><properties><property enc="BASE64" name="CHEF:creator" value="YWRtaW4="/><property enc="BASE64" name="CHEF:modifiedby" value="YWRtaW4="/><property enc="BASE64" name="CHEF:description" value="QXNzaWdubWVudCBBc3NpZ25tZW50IDEgaXMgZHVlIG9uIE9jdCAxNCwgMjAwOSA1OjAwIHBtLiA="/><property enc="BASE64" name="DAV:getlastmodified" value="MjAwOTEwMDcxODAxNDA5NzY="/><property enc="BASE64" name="CHEF:calendar-type" value="RGVhZGxpbmU="/><property enc="BASE64" name="CHEF:description-html" value="QXNzaWdubWVudCBBc3NpZ25tZW50IDEgaXMgZHVlIG9uIE9jdCAxNCwgMjAwOSA1OjAwIHBtLiA="/><property enc="BASE64" name="DAV:creationdate" value="MjAwOTEwMDcxODAxNDA5NjI="/><property enc="BASE64" name="DAV:displayname" value="RHVlIEFzc2lnbm1lbnQgMQ=="/><property enc="BASE64" name="CHEF:calendar-location" value=""/><property enc="BASE64" name="CHEF:calendar-fields.new_assignment_duedate_calendar_assignment_id" value="ZjhiN2I2N2ItZDZmZi00NzA0LWIwMzUtYWIwZjZjODk5NWY4"/></properties></event><event access="site" id="57a3827d-e989-4767-aad1-63704ad6ae9e" range="20091030170000000]20091030180000000"><properties><property enc="BASE64" name="CHEF:creator" value="YWRtaW4="/><property enc="BASE64" name="CHEF:modifiedby" value="YWRtaW4="/><property enc="BASE64" name="CHEF:description" value="RXZlbnQgMSBNZXNzYWdl"/><property enc="BASE64" name="DAV:getlastmodified" value="MjAwOTEwMDcxNzQ3MDAzNjc="/><property enc="BASE64" name="CHEF:calendar-type" value="QWN0aXZpdHk="/><property enc="BASE64" name="CHEF:description-html" value="PGgzPkV2ZW50IDEgTWVzc2FnZTwvaDM+"/><property enc="BASE64" name="DAV:creationdate" value="MjAwOTEwMDcxNzQ3MDAzNjc="/><property enc="BASE64" name="DAV:displayname" value="RXZlbnQgMQ=="/><property enc="BASE64" name="CHEF:calendar-location" value="TG9jYXRpb24gMQ=="/></properties><attachment relative-url="/content/attachment/e9e0b381-79d1-4d84-8f95-ab824fe6f253/Schedule/303b2d9a-96c9-4529-881a-cfcea58f5592/Picture 3.png"/></event><event access="site" id="0d508a3a-97dc-4bb7-b727-9df6b556f0ab" range="20091031210000000]20091031220000000"><properties><property enc="BASE64" name="CHEF:creator" value="YWRtaW4="/><property enc="BASE64" name="CHEF:modifiedby" value="YWRtaW4="/><property enc="BASE64" name="CHEF:description" value="RXZlbnQgMiBNZXNzYWdl"/><property enc="BASE64" name="DAV:getlastmodified" value="MjAwOTEwMDcxNzQ3NDU2NDM="/><property enc="BASE64" name="CHEF:calendar-type" value="Q2xhc3Mgc2VjdGlvbiAtIExlY3R1cmU="/><property enc="BASE64" name="CHEF:description-html" value="PGgzPkV2ZW50IDIgTWVzc2FnZTwvaDM+"/><property enc="BASE64" name="DAV:creationdate" value="MjAwOTEwMDcxNzQ3NDU2NDM="/><property enc="BASE64" name="DAV:displayname" value="RXZlbnQgMg=="/><property enc="BASE64" name="CHEF:calendar-location" value="bGVjdHVyZSBsb2NhdGlvbg=="/></properties><attachment relative-url="/content/attachment/e9e0b381-79d1-4d84-8f95-ab824fe6f253/Schedule/9dbbcb28-63fa-4785-b3dd-c59847cdbdcb/Picture 7.png"/></event></calendar></org.sakaiproject.calendar.api.CalendarService></archive>