<?xml version="1.0" encoding="UTF-8"?>
<archive date="20091007185846621" server="localhost" source="e9e0b381-79d1-4d84-8f95-ab824fe6f253" system="Sakai 1.0"><org.sakaiproject.content.api.ContentHostingService><collection id="/group/e9e0b381-79d1-4d84-8f95-ab824fe6f253/" rel-id="" resource-type="org.sakaiproject.content.types.folder" sakai:access_mode="inherited" sakai:hidden="false"><properties><property enc="BASE64" name="SAKAI:content_priority" value="Mw=="/><property enc="BASE64" name="CHEF:creator" value="YWRtaW4="/><property enc="BASE64" name="CHEF:is-collection" value="dHJ1ZQ=="/><property enc="BASE64" name="CHEF:modifiedby" value="YWRtaW4="/><property enc="BASE64" name="DAV:displayname" value="U01QTDEwMSBTcHJpbmcgMjAwOQ=="/><property enc="BASE64" name="DAV:getlastmodified" value="MjAwOTEwMDcxNzQzNDU0NTc="/><property enc="BASE64" name="DAV:creationdate" value="MjAwOTEwMDcxNzQzNDU0NTQ="/></properties></collection><collection id="/group/e9e0b381-79d1-4d84-8f95-ab824fe6f253/Folder 1/" rel-id="Folder 1/" resource-type="org.sakaiproject.content.types.folder" sakai:access_mode="inherited" sakai:hidden="false"><properties><property enc="BASE64" name="http://purl.org/dc/terms/created" value=""/><property enc="BASE64" name="http://purl.org/dc/elements/1.1/publisher" value=""/><property enc="BASE64" name="CHEF:is-collection" value="dHJ1ZQ=="/><property enc="BASE64" name="http://purl.org/dc/terms/audience" value=""/><property enc="BASE64" name="http://purl.org/dc/elements/1.1/subject" value=""/><property enc="BASE64" name="http://purl.org/dc/elements/1.1/creator" value=""/><property enc="BASE64" name="http://purl.org/dc/terms/educationLevel" value=""/><property enc="BASE64" name="SAKAI:content_priority" value="Mw=="/><property enc="BASE64" name="http://purl.org/dc/elements/1.1/alternative" value=""/><property enc="BASE64" name="http://purl.org/dc/terms/issued" value=""/><property enc="BASE64" name="CHEF:description" value=""/><property enc="BASE64" name="http://purl.org/dc/terms/abstract" value=""/><property enc="BASE64" name="DAV:displayname" value="Rm9sZGVyIDE="/><property enc="BASE64" name="CHEF:creator" value="YWRtaW4="/><property enc="BASE64" name="http://purl.org/dc/elements/1.1/contributor" value=""/><property enc="BASE64" name="CHEF:modifiedby" value="YWRtaW4="/><property enc="BASE64" name="DAV:creationdate" value="MjAwOTEwMDcxNzUxMzE4ODQ="/><property enc="BASE64" name="DAV:getlastmodified" value="MjAwOTEwMDcxNzUxMzE4ODg="/></properties></collection><resource body-location="08cbdc64-b9fd-42ce-a161-6d7a19fb45ea" content-length="94348" content-type="image/png" filePath="/vol1/2009/280/17/3a18d14f-26b2-4f13-85d2-6e187894d1f9" id="/group/e9e0b381-79d1-4d84-8f95-ab824fe6f253/Folder 1/Picture 13.png" rel-id="Folder 1/Picture 13.png" resource-type="org.sakaiproject.content.types.fileUpload" sakai:access_mode="inherited" sakai:hidden="false"><properties><property enc="BASE64" name="http://purl.org/dc/terms/created" value=""/><property enc="BASE64" name="http://purl.org/dc/elements/1.1/publisher" value=""/><property enc="BASE64" name="CHEF:is-collection" value="ZmFsc2U="/><property enc="BASE64" name="http://purl.org/dc/terms/audience" value=""/><property enc="BASE64" name="CHEF:copyrightchoice" value="TWF0ZXJpYWwgaXMgaW4gcHVibGljIGRvbWFpbi4="/><property enc="BASE64" name="http://purl.org/dc/elements/1.1/subject" value=""/><property enc="BASE64" name="http://purl.org/dc/elements/1.1/creator" value=""/><property enc="BASE64" name="http://purl.org/dc/terms/educationLevel" value=""/><property enc="BASE64" name="http://purl.org/dc/elements/1.1/alternative" value=""/><property enc="BASE64" name="http://purl.org/dc/terms/issued" value=""/><property enc="BASE64" name="CHEF:description" value="UGljdHVyZSAxMyBEZXNjcmlwdGlvbg=="/><property enc="BASE64" name="http://purl.org/dc/terms/abstract" value=""/><property enc="BASE64" name="DAV:displayname" value="UGljdHVyZSAxMyBOYW1l"/><property enc="BASE64" name="DAV:getcontenttype" value="aW1hZ2UvcG5n"/><property enc="BASE64" name="CHEF:creator" value="YWRtaW4="/><property enc="BASE64" name="DAV:getcontentlength" value="OTQzNDg="/><property enc="BASE64" name="http://purl.org/dc/elements/1.1/contributor" value=""/><property enc="BASE64" name="CHEF:modifiedby" value="YWRtaW4="/><property enc="BASE64" name="DAV:creationdate" value="MjAwOTEwMDcxNzUxNDA2NDg="/><property enc="BASE64" name="CHEF:copyrightalert" value="dHJ1ZQ=="/><property enc="BASE64" name="DAV:getlastmodified" value="MjAwOTEwMDcxNzUyMjM0OTg="/></properties></resource><collection id="/group/e9e0b381-79d1-4d84-8f95-ab824fe6f253/Folder 2/" rel-id="Folder 2/" resource-type="org.sakaiproject.content.types.folder" sakai:access_mode="inherited" sakai:hidden="false"><properties><property enc="BASE64" name="http://purl.org/dc/terms/created" value=""/><property enc="BASE64" name="http://purl.org/dc/elements/1.1/publisher" value=""/><property enc="BASE64" name="CHEF:is-collection" value="dHJ1ZQ=="/><property enc="BASE64" name="http://purl.org/dc/terms/audience" value=""/><property enc="BASE64" name="http://purl.org/dc/elements/1.1/subject" value=""/><property enc="BASE64" name="http://purl.org/dc/elements/1.1/creator" value=""/><property enc="BASE64" name="http://purl.org/dc/terms/educationLevel" value=""/><property enc="BASE64" name="SAKAI:content_priority" value="OA=="/><property enc="BASE64" name="http://purl.org/dc/elements/1.1/alternative" value=""/><property enc="BASE64" name="http://purl.org/dc/terms/issued" value=""/><property enc="BASE64" name="CHEF:description" value=""/><property enc="BASE64" name="http://purl.org/dc/terms/abstract" value=""/><property enc="BASE64" name="DAV:displayname" value="Rm9sZGVyIDI="/><property enc="BASE64" name="CHEF:creator" value="YWRtaW4="/><property enc="BASE64" name="http://purl.org/dc/elements/1.1/contributor" value=""/><property enc="BASE64" name="CHEF:modifiedby" value="YWRtaW4="/><property enc="BASE64" name="DAV:creationdate" value="MjAwOTEwMDcxNzU2MDcyMzY="/><property enc="BASE64" name="DAV:getlastmodified" value="MjAwOTEwMDcxNzU2MDcyNDE="/></properties></collection><resource body-location="16102553-5a7e-48b2-87e1-6ed74e053725" content-length="85786" content-type="image/png" filePath="/vol1/2009/280/17/cc74562b-cdf1-47fd-ac70-116c29343240" id="/group/e9e0b381-79d1-4d84-8f95-ab824fe6f253/Folder 2/Picture 9.png" rel-id="Folder 2/Picture 9.png" resource-type="org.sakaiproject.content.types.fileUpload" sakai:access_mode="inherited" sakai:hidden="false" sakai:release_date="20091007170000000" sakai:retract_date="20091014170000000"><properties><property enc="BASE64" name="http://purl.org/dc/terms/created" value=""/><property enc="BASE64" name="http://purl.org/dc/elements/1.1/publisher" value=""/><property enc="BASE64" name="CHEF:is-collection" value="ZmFsc2U="/><property enc="BASE64" name="http://purl.org/dc/terms/audience" value=""/><property enc="BASE64" name="CHEF:copyrightchoice" value="TWF0ZXJpYWwgaXMgaW4gcHVibGljIGRvbWFpbi4="/><property enc="BASE64" name="http://purl.org/dc/elements/1.1/subject" value=""/><property enc="BASE64" name="http://purl.org/dc/elements/1.1/creator" value=""/><property enc="BASE64" name="http://purl.org/dc/terms/educationLevel" value=""/><property enc="BASE64" name="http://purl.org/dc/elements/1.1/alternative" value=""/><property enc="BASE64" name="http://purl.org/dc/terms/issued" value=""/><property enc="BASE64" name="CHEF:description" value="UGljdHVyZSA5LnBuZyBkZXNjcmlwdGlvbg=="/><property enc="BASE64" name="http://purl.org/dc/terms/abstract" value=""/><property enc="BASE64" name="DAV:displayname" value="UGljdHVyZSA5LnBuZw=="/><property enc="BASE64" name="DAV:getcontenttype" value="aW1hZ2UvcG5n"/><property enc="BASE64" name="CHEF:creator" value="YWRtaW4="/><property enc="BASE64" name="DAV:getcontentlength" value="ODU3ODY="/><property enc="BASE64" name="http://purl.org/dc/elements/1.1/contributor" value=""/><property enc="BASE64" name="CHEF:modifiedby" value="YWRtaW4="/><property enc="BASE64" name="DAV:creationdate" value="MjAwOTEwMDcxNzU2MTkxOTQ="/><property enc="BASE64" name="DAV:getlastmodified" value="MjAwOTEwMDcxNzU2NDA4ODI="/></properties></resource><collection id="/group/e9e0b381-79d1-4d84-8f95-ab824fe6f253/Podcasts/" rel-id="Podcasts/" resource-type="org.sakaiproject.content.types.folder" sakai:access_mode="inherited" sakai:hidden="false"><properties><property enc="BASE64" name="CHEF:creator" value="YWRtaW4="/><property enc="BASE64" name="podfeedTitle" value="U01QTDEwMSBTcHJpbmcgMjAwOSdzIG9mZmljaWFsIFBvZGNhc3Qu"/><property enc="BASE64" name="CHEF:modifiedby" value="YWRtaW4="/><property enc="BASE64" name="CHEF:description" value="Q29tbW9uIEZvbGRlciBmb3IgQWxsIFNpdGUgUG9kY2FzdHM="/><property enc="BASE64" name="CHEF:is-collection" value="dHJ1ZQ=="/><property enc="BASE64" name="DAV:getlastmodified" value="MjAwOTEwMDcxODI2NTU4MTc="/><property enc="BASE64" name="SAKAI:content_priority" value="OQ=="/><property enc="BASE64" name="podfeedDescription" value="U01QTDEwMSBTcHJpbmcgMjAwOSBvZmZpY2lhbCBwb2RjYXN0LiBQbGVhc2UgY2hlY2sgYmFjayB0aHJvdWdob3V0IHRoZSBzZW1lc3RlciBmb3IgdXBkYXRlcy4g"/><property enc="BASE64" name="DAV:creationdate" value="MjAwOTEwMDcxODI2NTU3OTM="/><property enc="BASE64" name="DAV:displayname" value="UG9kY2FzdHM="/></properties></collection><resource body-location="a92760b6-8027-4a5f-940d-dbef5374657a" content-length="159661" content-type="application/pdf" filePath="/vol1/2009/280/18/86ab6c79-23d7-49ad-930e-7e0c35b7d8bf" id="/group/e9e0b381-79d1-4d84-8f95-ab824fe6f253/Podcasts/Picture 3 PDF-1.pdf" rel-id="Podcasts/Picture 3 PDF-1.pdf" resource-type="org.sakaiproject.content.types.fileUpload" sakai:access_mode="inherited" sakai:hidden="false" sakai:release_date="20091007142818000"><properties><property enc="BASE64" name="CHEF:creator" value="YWRtaW4="/><property enc="BASE64" name="CHEF:modifiedby" value="YWRtaW4="/><property enc="BASE64" name="CHEF:description" value="UGljdHVyZSAzIFBERiAy"/><property enc="BASE64" name="CHEF:is-collection" value="ZmFsc2U="/><property enc="BASE64" name="DAV:getlastmodified" value="MjAwOTEwMDcxODI4MzA5OTQ="/><property enc="BASE64" name="DAV:getcontentlength" value="MTU5NjYx"/><property enc="BASE64" name="DAV:getcontenttype" value="YXBwbGljYXRpb24vcGRm"/><property enc="BASE64" name="DAV:creationdate" value="MjAwOTEwMDcxODI4MzA5Mzk="/><property enc="BASE64" name="DAV:displayname" value="UGljdHVyZSAzIFBERiAy"/><property enc="BASE64" name="displayDate" value="MjAwOTEwMDcxNDI4MTgwMDA="/></properties></resource><resource body-location="5c0133ba-4ed0-4afa-920a-560378650402" content-length="159661" content-type="application/pdf" filePath="/vol1/2009/280/18/c51a21a6-c58d-4bbf-ac19-4cab89800085" id="/group/e9e0b381-79d1-4d84-8f95-ab824fe6f253/Podcasts/Picture 3 PDF.pdf" rel-id="Podcasts/Picture 3 PDF.pdf" resource-type="org.sakaiproject.content.types.fileUpload" sakai:access_mode="inherited" sakai:hidden="false" sakai:release_date="20091007142710000"><properties><property enc="BASE64" name="CHEF:creator" value="YWRtaW4="/><property enc="BASE64" name="CHEF:modifiedby" value="YWRtaW4="/><property enc="BASE64" name="CHEF:description" value="UGljdHVyZSAzIFBERiBEZXNjcmlwdGlvbg=="/><property enc="BASE64" name="CHEF:is-collection" value="ZmFsc2U="/><property enc="BASE64" name="DAV:getlastmodified" value="MjAwOTEwMDcxODI4MDYxNzI="/><property enc="BASE64" name="DAV:getcontentlength" value="MTU5NjYx"/><property enc="BASE64" name="DAV:getcontenttype" value="YXBwbGljYXRpb24vcGRm"/><property enc="BASE64" name="DAV:creationdate" value="MjAwOTEwMDcxODI4MDYxMjM="/><property enc="BASE64" name="DAV:displayname" value="UGljdHVyZSAzIFBERg=="/><property enc="BASE64" name="displayDate" value="MjAwOTEwMDcxNDI3MTAwMDA="/></properties></resource><resource body-location="b8a97f64-ad4a-4bd5-8901-1e9767c00c51" content-length="24" content-type="text/url" filePath="/vol1/2009/280/17/494aac2a-defd-4522-8536-4df61d84ecc7" id="/group/e9e0b381-79d1-4d84-8f95-ab824fe6f253/http:__sakaiproject.org_" rel-id="http:__sakaiproject.org_" resource-type="org.sakaiproject.content.types.urlResource" sakai:access_mode="inherited" sakai:hidden="false"><properties><property enc="BASE64" name="http://purl.org/dc/terms/created" value=""/><property enc="BASE64" name="http://purl.org/dc/elements/1.1/publisher" value=""/><property enc="BASE64" name="CHEF:is-collection" value="ZmFsc2U="/><property enc="BASE64" name="http://purl.org/dc/terms/audience" value=""/><property enc="BASE64" name="http://purl.org/dc/elements/1.1/subject" value=""/><property enc="BASE64" name="http://purl.org/dc/elements/1.1/creator" value=""/><property enc="BASE64" name="http://purl.org/dc/terms/educationLevel" value=""/><property enc="BASE64" name="http://purl.org/dc/elements/1.1/alternative" value=""/><property enc="BASE64" name="http://purl.org/dc/terms/issued" value=""/><property enc="BASE64" name="CHEF:description" value=""/><property enc="BASE64" name="http://purl.org/dc/terms/abstract" value=""/><property enc="BASE64" name="DAV:displayname" value="aHR0cDovL3Nha2FpcHJvamVjdC5vcmcv"/><property enc="BASE64" name="DAV:getcontenttype" value="dGV4dC91cmw="/><property enc="BASE64" name="DAV:getcontentlength" value="MjQ="/><property enc="BASE64" name="CHEF:creator" value="YWRtaW4="/><property enc="BASE64" name="http://purl.org/dc/elements/1.1/contributor" value=""/><property enc="BASE64" name="CHEF:modifiedby" value="YWRtaW4="/><property enc="BASE64" name="DAV:creationdate" value="MjAwOTEwMDcxNzUzMDA2NDg="/><property enc="BASE64" name="DAV:getlastmodified" value="MjAwOTEwMDcxNzUzMDA2NTI="/></properties></resource><resource body-location="bffc769a-29cc-429b-8d81-d34c26eddf27" content-length="36" content-type="text/html" filePath="/vol1/2009/280/17/0efafaba-4376-436a-9194-f7434af9fd03" id="/group/e9e0b381-79d1-4d84-8f95-ab824fe6f253/New Citation List" rel-id="New Citation List" resource-type="org.sakaiproject.citation.impl.CitationList" sakai:access_mode="inherited" sakai:hidden="false"><properties><property enc="BASE64" name="http://purl.org/dc/terms/created" value=""/><property enc="BASE64" name="http://purl.org/dc/elements/1.1/publisher" value=""/><property enc="BASE64" name="sakai:reference-root" value="L2NpdGF0aW9u"/><property enc="BASE64" name="CHEF:is-collection" value="ZmFsc2U="/><property enc="BASE64" name="http://purl.org/dc/terms/audience" value=""/><property enc="BASE64" name="http://purl.org/dc/elements/1.1/subject" value=""/><property enc="BASE64" name="http://purl.org/dc/elements/1.1/creator" value=""/><property enc="BASE64" name="http://purl.org/dc/terms/educationLevel" value=""/><property enc="BASE64" name="http://purl.org/dc/elements/1.1/alternative" value=""/><property enc="BASE64" name="http://purl.org/dc/terms/issued" value=""/><property enc="BASE64" name="CHEF:description" value="TmV3IENpdGF0aW9uIExpc3QgRGVzY3JpcHRpb24="/><property enc="BASE64" name="http://purl.org/dc/terms/abstract" value=""/><property enc="BASE64" name="DAV:displayname" value="TmV3IENpdGF0aW9uIExpc3Q="/><property enc="BASE64" name="DAV:getcontenttype" value="dGV4dC9odG1s"/><property enc="BASE64" name="CHEF:creator" value="YWRtaW4="/><property enc="BASE64" name="DAV:getcontentlength" value="MzY="/><property enc="BASE64" name="http://purl.org/dc/elements/1.1/contributor" value=""/><property enc="BASE64" name="CHEF:modifiedby" value="YWRtaW4="/><property enc="BASE64" name="DAV:creationdate" value="MjAwOTEwMDcxNzU1NDA3MzM="/><property enc="BASE64" name="DAV:getlastmodified" value="MjAwOTEwMDcxNzU1NDA3Mzc="/></properties></resource><resource body-location="20720d20-c9e2-4d99-a361-f9d85106e36f" content-length="55" content-type="text/html" filePath="/vol1/2009/280/17/8e1fce55-4895-40c4-8acd-a67debfb9941" id="/group/e9e0b381-79d1-4d84-8f95-ab824fe6f253/New HTML Page" rel-id="New HTML Page" resource-type="org.sakaiproject.content.types.HtmlDocumentType" sakai:access_mode="inherited" sakai:hidden="false"><properties><property enc="BASE64" name="http://purl.org/dc/terms/created" value=""/><property enc="BASE64" name="http://purl.org/dc/elements/1.1/publisher" value=""/><property enc="BASE64" name="CHEF:is-collection" value="ZmFsc2U="/><property enc="BASE64" name="encoding" value="VVRGLTg="/><property enc="BASE64" name="http://purl.org/dc/terms/audience" value=""/><property enc="BASE64" name="CHEF:copyrightchoice" value="TWF0ZXJpYWwgaXMgaW4gcHVibGljIGRvbWFpbi4="/><property enc="BASE64" name="http://purl.org/dc/elements/1.1/subject" value=""/><property enc="BASE64" name="http://purl.org/dc/elements/1.1/creator" value=""/><property enc="BASE64" name="http://purl.org/dc/terms/educationLevel" value=""/><property enc="BASE64" name="http://purl.org/dc/elements/1.1/alternative" value=""/><property enc="BASE64" name="http://purl.org/dc/terms/issued" value=""/><property enc="BASE64" name="CHEF:description" value="TmV3IEhUTUwgUGFnZSBEZXNjcmlwdGlvbg=="/><property enc="BASE64" name="http://purl.org/dc/terms/abstract" value=""/><property enc="BASE64" name="DAV:displayname" value="TmV3IEhUTUwgUGFnZQ=="/><property enc="BASE64" name="DAV:getcontenttype" value="dGV4dC9odG1s"/><property enc="BASE64" name="CHEF:creator" value="YWRtaW4="/><property enc="BASE64" name="DAV:getcontentlength" value="NTU="/><property enc="BASE64" name="http://purl.org/dc/elements/1.1/contributor" value=""/><property enc="BASE64" name="CHEF:modifiedby" value="YWRtaW4="/><property enc="BASE64" name="DAV:creationdate" value="MjAwOTEwMDcxNzUzNDMzMzU="/><property enc="BASE64" name="DAV:getlastmodified" value="MjAwOTEwMDcxNzUzNDMzNDA="/></properties></resource><resource body-location="03a356e2-fbed-4f32-83d6-0b9165aa0733" content-length="34" content-type="text/plain" filePath="/vol1/2009/280/17/9531e709-1458-4164-89b0-5fa3caf46daa" id="/group/e9e0b381-79d1-4d84-8f95-ab824fe6f253/New Simple Text Document" rel-id="New Simple Text Document" resource-type="org.sakaiproject.content.types.TextDocumentType" sakai:access_mode="inherited" sakai:hidden="false"><properties><property enc="BASE64" name="http://purl.org/dc/terms/created" value=""/><property enc="BASE64" name="http://purl.org/dc/elements/1.1/publisher" value=""/><property enc="BASE64" name="CHEF:is-collection" value="ZmFsc2U="/><property enc="BASE64" name="encoding" value="VVRGLTg="/><property enc="BASE64" name="http://purl.org/dc/terms/audience" value=""/><property enc="BASE64" name="CHEF:copyrightchoice" value="TWF0ZXJpYWwgaXMgaW4gcHVibGljIGRvbWFpbi4="/><property enc="BASE64" name="http://purl.org/dc/elements/1.1/subject" value=""/><property enc="BASE64" name="http://purl.org/dc/elements/1.1/creator" value=""/><property enc="BASE64" name="http://purl.org/dc/terms/educationLevel" value=""/><property enc="BASE64" name="http://purl.org/dc/elements/1.1/alternative" value=""/><property enc="BASE64" name="http://purl.org/dc/terms/issued" value=""/><property enc="BASE64" name="CHEF:description" value="TmV3IFNpbXBsZSBUZXh0IERvY3VtZW50IERlc2NyaXB0aW9u"/><property enc="BASE64" name="http://purl.org/dc/terms/abstract" value=""/><property enc="BASE64" name="DAV:displayname" value="TmV3IFNpbXBsZSBUZXh0IERvY3VtZW50"/><property enc="BASE64" name="DAV:getcontenttype" value="dGV4dC9wbGFpbg=="/><property enc="BASE64" name="CHEF:creator" value="YWRtaW4="/><property enc="BASE64" name="DAV:getcontentlength" value="MzQ="/><property enc="BASE64" name="http://purl.org/dc/elements/1.1/contributor" value=""/><property enc="BASE64" name="CHEF:modifiedby" value="YWRtaW4="/><property enc="BASE64" name="DAV:creationdate" value="MjAwOTEwMDcxNzU0MTE4NzU="/><property enc="BASE64" name="DAV:getlastmodified" value="MjAwOTEwMDcxNzU0MTE4Nzk="/></properties></resource><resource body-location="b025b0d2-cf95-4794-8b96-43411464889d" content-length="85786" content-type="image/png" filePath="/vol1/2009/280/17/436ddc7c-5d20-4114-a93d-b143dbfdca72" id="/group/e9e0b381-79d1-4d84-8f95-ab824fe6f253/Picture 9.png" rel-id="Picture 9.png" resource-type="org.sakaiproject.content.types.fileUpload" sakai:access_mode="inherited" sakai:hidden="false"><properties><property enc="BASE64" name="http://purl.org/dc/terms/created" value=""/><property enc="BASE64" name="http://purl.org/dc/elements/1.1/publisher" value=""/><property enc="BASE64" name="CHEF:is-collection" value="ZmFsc2U="/><property enc="BASE64" name="http://purl.org/dc/terms/audience" value=""/><property enc="BASE64" name="CHEF:copyrightchoice" value="TWF0ZXJpYWwgaXMgaW4gcHVibGljIGRvbWFpbi4="/><property enc="BASE64" name="http://purl.org/dc/elements/1.1/subject" value=""/><property enc="BASE64" name="http://purl.org/dc/elements/1.1/creator" value=""/><property enc="BASE64" name="http://purl.org/dc/terms/educationLevel" value=""/><property enc="BASE64" name="http://purl.org/dc/elements/1.1/alternative" value=""/><property enc="BASE64" name="http://purl.org/dc/terms/issued" value=""/><property enc="BASE64" name="CHEF:description" value=""/><property enc="BASE64" name="http://purl.org/dc/terms/abstract" value=""/><property enc="BASE64" name="DAV:displayname" value="UGljdHVyZSA5LnBuZw=="/><property enc="BASE64" name="DAV:getcontenttype" value="aW1hZ2UvcG5n"/><property enc="BASE64" name="CHEF:creator" value="YWRtaW4="/><property enc="BASE64" name="DAV:getcontentlength" value="ODU3ODY="/><property enc="BASE64" name="http://purl.org/dc/elements/1.1/contributor" value=""/><property enc="BASE64" name="CHEF:modifiedby" value="YWRtaW4="/><property enc="BASE64" name="DAV:creationdate" value="MjAwOTEwMDcxNzUxMjM0Njg="/><property enc="BASE64" name="DAV:getlastmodified" value="MjAwOTEwMDcxNzUxMjM0NzI="/></properties></resource></org.sakaiproject.content.api.ContentHostingService></archive>