<?xml version="1.0" encoding="UTF-8"?>
<archive date="20091007185846621" server="localhost" source="e9e0b381-79d1-4d84-8f95-ab824fe6f253" system="Sakai 1.0"><org.sakaiproject.api.app.messageforums.DiscussionForumService version="2.4"><messageforum><discussion_forum body="PGgzPiZuYnNwO0ZvcnVtIDIgbG9uZyBkZXNjcmlwdGlvbjwvaDM+" category="Forum 2" draft="false" locked="false" moderated="false" sort_index="1" summary="Rm9ydW0gMiBzaG9ydCBkZXNjcmlwdGlvbg=="><attachment relative-url="/attachment/e9e0b381-79d1-4d84-8f95-ab824fe6f253/Forums/b4601395-c621-484b-8368-bb9523ff8553/Picture 9.png"/><permissions><permission permission_level_name="Contributor" permission_name="Teaching Assistant" permission_type="2"/><permission permission_level_name="Contributor" permission_name="Student" permission_type="2"/><permission permission_level_name="Owner" permission_name="Instructor" permission_type="2"/></permissions><discussion_topic draft="false" locked="false" moderated="false" sort_index="1" subject="Topic 2"><properties><property enc="BASE64" name="Classic:bboardForums_description" value="VG9waWMgMiBzaG9ydCBkZXNjcmlwdGlvbg=="/><property enc="BASE64" name="Classic:bboardForums_content" value="Jm5ic3A7VG9waWMgMiBsb25nIGRlc2NyaXB0aW9u"/></properties><permissions><permission permission_level_name="Contributor" permission_name="Student" permission_type="2"/><permission permission_level_name="Owner" permission_name="Instructor" permission_type="2"/><permission permission_level_name="Contributor" permission_name="Teaching Assistant" permission_type="2"/></permissions><attachment relative-url="/attachment/e9e0b381-79d1-4d84-8f95-ab824fe6f253/Forums/a32c9e84-0d05-48cf-a5b5-80fc76b46f68/Picture 16.png"/></discussion_topic></discussion_forum><discussion_forum body="PGgzPiZuYnNwO0xvbmcgZGVzY3JpcHRpb248L2gzPg==" category="Forum 1" draft="false" locked="false" moderated="false" sort_index="2" summary="Rm9ydW0gMSBzaG9ydCBkZXNjcmlwdGlvbg=="><attachment relative-url="/attachment/e9e0b381-79d1-4d84-8f95-ab824fe6f253/Forums/7edae03c-9fa1-437f-b363-a6ab7dbd82ed/Picture 8.png"/><permissions><permission permission_level_name="Contributor" permission_name="Student" permission_type="2"/><permission permission_level_name="Owner" permission_name="Instructor" permission_type="2"/><permission permission_level_name="Contributor" permission_name="Teaching Assistant" permission_type="2"/></permissions><discussion_topic draft="false" locked="false" moderated="false" sort_index="1" subject="Topic 1"><properties><property enc="BASE64" name="Classic:bboardForums_description" value="VG9waWMgMSBzaG9ydCBkZXNjcmlwdGlvbg=="/><property enc="BASE64" name="Classic:bboardForums_content" value="PGgzPiZuYnNwO1RvcGljIDEgbG9uZyBkZXNjcmlwdGlvbjwvaDM+"/></properties><permissions><permission permission_level_name="Owner" permission_name="Instructor" permission_type="2"/><permission permission_level_name="Contributor" permission_name="Teaching Assistant" permission_type="2"/><permission permission_level_name="Contributor" permission_name="Student" permission_type="2"/></permissions><attachment relative-url="/attachment/e9e0b381-79d1-4d84-8f95-ab824fe6f253/Forums/db42aa47-5f48-488f-9912-53205c9dc7d5/Picture 7.png"/></discussion_topic></discussion_forum></messageforum></org.sakaiproject.api.app.messageforums.DiscussionForumService></archive>