<?xml version="1.0" encoding="UTF-8"?>
<archive date="20091007185846621" server="localhost" source="e9e0b381-79d1-4d84-8f95-ab824fe6f253" system="Sakai 1.0"><org.sakaiproject.poll.logic.PollListManager><poll close-time="2009-10-14 14:29:00.0" description="&lt;h3>&amp;nbsp;Question 1 Instructions&lt;/h3>" id="1" limit-voting="true" open-time="2009-10-07 14:29:00.0" pollid="1" title="Question 1"><option id="86b62810-f90d-440f-ab33-0997ca1b9072" optionid="1" title="&amp;nbsp;&lt;span class=&quot;Apple-style-span&quot;  style=&quot;font-family: 'Lucida Grande'; font-size: 11px; white-space: pre; -webkit-border-horizontal-spacing: 2px; -webkit-border-vertical-spacing: 2px; &quot; >Question 1 Answer option&lt;/span>"/><option id="54f10e34-7296-4610-87a3-274837f77ac2" optionid="2" title="&amp;nbsp;&lt;span class=&quot;Apple-style-span&quot;  style=&quot;font-family: 'Lucida Grande'; font-size: 11px; white-space: pre; -webkit-border-horizontal-spacing: 2px; -webkit-border-vertical-spacing: 2px; &quot; >Question 1 answer option 2&lt;/span>"/></poll><poll close-time="2009-10-14 14:31:00.0" description="&lt;h3>&amp;nbsp;Poll 2 Question Additional Instructions&lt;/h3>" id="2" limit-voting="true" open-time="2009-10-07 14:31:00.0" pollid="2" title="Poll 2 Question"><option id="b195a1ce-5189-4ea8-a27c-9b7bc844784e" optionid="3" title="&amp;nbsp;&lt;span class=&quot;Apple-style-span&quot;  style=&quot;font-family: 'Lucida Grande'; font-size: 11px; white-space: pre; -webkit-border-horizontal-spacing: 2px; -webkit-border-vertical-spacing: 2px; &quot; >Poll 2 Question option 1&lt;/span>"/><option id="def2a235-85e4-4719-b53e-84ba3100e1f1" optionid="4" title="&amp;nbsp;&lt;span class=&quot;Apple-style-span&quot;  style=&quot;font-family: 'Lucida Grande'; font-size: 11px; white-space: pre; -webkit-border-horizontal-spacing: 2px; -webkit-border-vertical-spacing: 2px; &quot; >Poll 2 Question option 2&lt;/span>"/><option id="ffd1d946-41f2-4edb-8f76-96c9a4c6cf6d" optionid="5" title="&amp;nbsp;&lt;span class=&quot;Apple-style-span&quot;  style=&quot;font-family: 'Lucida Grande'; font-size: 11px; white-space: pre; -webkit-border-horizontal-spacing: 2px; -webkit-border-vertical-spacing: 2px; &quot; >Poll 2 Question option 3&lt;/span>"/></poll></org.sakaiproject.poll.logic.PollListManager></archive>