<?xml version="1.0" encoding="UTF-8"?>
<archive date="20091007185846621" site="e9e0b381-79d1-4d84-8f95-ab824fe6f253" system="Sakai 1.0"><sakai:site><site created-id="admin" created-time="20091007174344000" customPageOrdered="false" description-enc="PGgxPkRlc2NyaXB0aW9uPC9oMT4NCjxici8+DQpMb25nIGNvdXJzZSBkZXNjcmlwdGlvbjxici8+" id="e9e0b381-79d1-4d84-8f95-ab824fe6f253" joinable="false" modified-id="admin" modified-time="20091007174346000" pubView="true" published="true" short-description-enc="c2hvcnQgY291cnNlIGRlc2NyaXB0aW9u" title="SMPL101 Spring 2009" type="course"><properties><property enc="BASE64" name="sections_externally_maintained" value="dHJ1ZQ=="/><property enc="BASE64" name="contact-name" value="U2FrYWkgQWRtaW5pc3RyYXRvcg=="/><property enc="BASE64" name="term" value="U3ByaW5nIDIwMDk="/><property enc="BASE64" name="term_eid" value="U3ByaW5nIDIwMDk="/><property enc="BASE64" name="contact-email" value="YWRtaW5AYWRtaW4uY29t"/><property enc="BASE64" name="sections_student_switching_allowed" value="ZmFsc2U="/><property enc="BASE64" name="sections_student_registration_allowed" value="ZmFsc2U="/></properties><pages><page id="e59ac3e5-2176-4d5d-a387-9962268cf998" layout="1" popup="false" title="Home"><properties/><tools><tool id="bad4ae73-097e-4130-a368-797fc2778076" layoutHints="0,0" title="Site Information Display" toolId="sakai.iframe.site"><properties/></tool><tool id="754d733b-b9d2-4ed2-a363-13652e4b4679" layoutHints="0,1" title="Recent Announcements" toolId="sakai.synoptic.announcement"><properties/></tool><tool id="2055b216-e71e-4d4a-9226-ae6e5654decb" layoutHints="1,1" title="Recent Chat Messages" toolId="sakai.synoptic.chat"><properties/></tool></tools></page><page id="8d5dd3a4-e959-4b07-b589-aab900f69e59" layout="0" popup="false" title="Announcements"><properties/><tools><tool id="ecfe1b57-bffc-4fda-91fc-4576130a409b" title="Announcements" toolId="sakai.announcements"><properties/></tool></tools></page><page id="8ac8ff6d-2141-4962-8a23-639221b063d4" layout="0" popup="false" title="Assignments"><properties/><tools><tool id="4167d6e6-ae39-4786-b49c-2cccb194c3af" title="Assignments" toolId="sakai.assignment.grades"><properties/></tool></tools></page><page id="ae18ab86-28ee-444a-9dee-d0e93952f328" layout="0" popup="false" title="Blogger"><properties/><tools><tool id="5977e627-a0c6-4a45-b68e-b9ba56cca0a4" title="Blogger" toolId="blogger"><properties/></tool></tools></page><page id="dea70511-861c-4b5a-8cd1-544c4d74fcdc" layout="0" popup="false" title="Chat Room"><properties/><tools><tool id="d28a1e90-9d2f-4b13-8c4e-1c16e96468a9" title="Chat Room" toolId="sakai.chat"><properties/></tool></tools></page><page id="e144454a-853a-4f38-ab37-ec140a294577" layout="0" popup="false" title="Drop Box"><properties/><tools><tool id="5fa6b6d4-2f82-4466-906d-b16d8151d330" title="Drop Box" toolId="sakai.dropbox"><properties/></tool></tools></page><page id="373f72ca-d41a-4d2d-b735-c66955d11f7b" layout="0" popup="false" title="Email Archive"><properties/><tools><tool id="17c9a1f5-98af-4583-8dda-27e7ec6ac9ab" title="Email Archive" toolId="sakai.mailbox"><properties/></tool></tools></page><page id="d5579092-5eb4-4316-8ec5-c2c781905ad6" layout="0" popup="false" title="Evaluations"><properties/><tools><tool id="6b346363-6493-406b-a1b1-9cb04a2e681c" title="Evaluations" toolId="osp.evaluation"><properties/></tool></tools></page><page id="308f1740-bcf9-4e0f-838d-d179aace5fcc" layout="0" popup="false" title="Forms"><properties/><tools><tool id="5c1757fe-4418-4f54-be2b-a42510757321" title="Forms" toolId="sakai.metaobj"><properties/></tool></tools></page><page id="80c0ec15-a0d5-4370-a175-4955192033f8" layout="0" popup="false" title="Forums"><properties/><tools><tool id="c399b7c6-4911-4b80-b852-5e7a407e1f29" title="Forums" toolId="sakai.forums"><properties/></tool></tools></page><page id="1b1d44e2-1ff7-4938-9f0a-e3dbfe1d5c79" layout="0" popup="false" title="Glossary"><properties/><tools><tool id="d0af573b-11ce-4390-8e65-b6230ea048de" title="Glossary" toolId="osp.glossary"><properties/></tool></tools></page><page id="3fb667f7-c161-468b-bfc7-cd02b2366065" layout="0" popup="false" title="Gradebook"><properties/><tools><tool id="c86bd9ba-f9d0-4dbb-8373-3232b865916d" title="Gradebook" toolId="sakai.gradebook.tool"><properties/></tool></tools></page><page id="b0e06f31-c8b3-469e-87da-1af2608f0a62" layout="0" popup="false" title="Link Tool"><properties/><tools><tool id="1e4c5e23-36ff-4540-9a29-41a29f7c382f" title="Link Tool" toolId="sakai.rutgers.linktool"><properties/></tool></tools></page><page id="99fea592-57bd-4924-ad0c-9e94ee5fa1ea" layout="0" popup="false" title="Matrices"><properties/><tools><tool id="1ee50c94-059a-4de7-8fad-105784169280" title="Matrices" toolId="osp.matrix"><properties/></tool></tools></page><page id="f87dabed-1e35-4196-917a-18f038e494c9" layout="0" popup="false" title="Messages"><properties/><tools><tool id="68fa9446-a720-4bfb-9679-758a9241a731" title="Messages" toolId="sakai.messages"><properties/></tool></tools></page><page id="84c7efea-90d1-4527-8c38-af8f7e1eef9d" layout="0" popup="false" title="News"><properties/><tools><tool id="1b124ea6-2d68-427e-b53b-51e2c955706b" title="News" toolId="sakai.news"><properties><property enc="BASE64" name="channel-url" value="aHR0cDovL3BsYW5ldHNha2FpLm9yZy9hdG9tLnhtbA=="/></properties></tool></tools></page><page id="24fee6a2-51e0-4719-a19c-bd030294db27" layout="0" popup="false" title="Podcasts"><properties/><tools><tool id="31149e22-1c4a-461d-b563-39d7e999a5bb" title="Podcasts" toolId="sakai.podcasts"><properties/></tool></tools></page><page id="c0bacb37-9194-4cb8-88b1-a141b2228430" layout="0" popup="false" title="Polls"><properties/><tools><tool id="20277491-68ab-499b-b5f6-58c8464a3332" title="Polls" toolId="sakai.poll"><properties/></tool></tools></page><page id="b83a1c40-4f8a-4963-a9fa-8f8a4966d411" layout="0" popup="false" title="Portfolio Layouts"><properties/><tools><tool id="a7e8dc94-3aa8-4603-9a30-79456a1d47b9" title="Portfolio Layouts" toolId="osp.presLayout"><properties/></tool></tools></page><page id="88016ae9-01ab-4a4f-a7e8-ee2a1689a481" layout="0" popup="false" title="Portfolio Templates"><properties/><tools><tool id="4c623a72-5a3f-494f-b1e2-1113a3a81574" title="Portfolio Templates" toolId="osp.presTemplate"><properties/></tool></tools></page><page id="dd480a82-c1ed-4fd0-be48-ec8bb2636d52" layout="0" popup="false" title="Portfolios"><properties/><tools><tool id="3d31691e-d9ca-4011-9218-6bffd988404c" title="Portfolios" toolId="osp.presentation"><properties/></tool></tools></page><page id="4dc64742-5f83-419e-b8dd-ad3cdd896c89" layout="0" popup="false" title="Post'Em"><properties/><tools><tool id="c4805650-dbcb-4c8f-a47a-c35a764e3fce" title="Post'Em" toolId="sakai.postem"><properties/></tool></tools></page><page id="d7011423-4808-4939-a68a-a0799741165f" layout="0" popup="false" title="Reports"><properties/><tools><tool id="1e4f821d-85d8-4297-8383-2cd01eb06f86" title="Reports" toolId="sakai.reports"><properties/></tool></tools></page><page id="e8ad6450-5a46-451e-8019-fe9e48b159cb" layout="0" popup="false" title="Resources"><properties/><tools><tool id="e766fb84-d0e4-4e62-ba02-3afc64ac2719" title="Resources" toolId="sakai.resources"><properties/></tool></tools></page><page id="e535e46d-7df5-45ae-bbb7-328cbd7c9f0e" layout="0" popup="false" title="Roster"><properties/><tools><tool id="bda33e6c-dca9-4b60-9266-52a2e90696d7" title="Roster" toolId="sakai.site.roster"><properties/></tool></tools></page><page id="875f1d4d-6ca9-49ca-a0b5-844cefb53a89" layout="0" popup="false" title="Schedule"><properties/><tools><tool id="5a9980b9-a93f-4a0e-957f-c2dff2db4819" title="Schedule" toolId="sakai.schedule"><properties/></tool></tools></page><page id="4f25fc99-18b0-4470-b7fc-2f9555e613d7" layout="0" popup="false" title="Search"><properties/><tools><tool id="45db34ca-0df0-4f87-85bb-6a055e6e90d8" title="Search" toolId="sakai.search"><properties/></tool></tools></page><page id="156aef5a-fa21-4e6b-add1-3306425ba74c" layout="0" popup="false" title="Section Info"><properties/><tools><tool id="384bfe1c-48a5-4429-8bba-c76e51c72d88" title="Section Info" toolId="sakai.sections"><properties/></tool></tools></page><page id="7bc3bc4b-fff5-4e9c-84bc-264e229a04eb" layout="0" popup="false" title="Styles"><properties/><tools><tool id="49de31a2-c1e4-4311-9019-dd95098784c2" title="Styles" toolId="osp.style"><properties/></tool></tools></page><page id="2c4f2c93-4571-49b5-aee8-dc9b3cfbad3c" layout="0" popup="false" title="Syllabus"><properties/><tools><tool id="bd859c78-e24d-4f9c-914e-a92d7e3f9d44" title="Syllabus" toolId="sakai.syllabus"><properties/></tool></tools></page><page id="cba662df-fbcf-4e13-b6ec-8f36281ecbca" layout="0" popup="false" title="Tests &amp; Quizzes"><properties/><tools><tool id="df524bf6-5ab3-4e60-b3dd-c9fbc31e71be" title="Tests &amp; Quizzes" toolId="sakai.samigo"><properties/></tool></tools></page><page id="982dafcd-70e4-4aac-b9c7-fee5066570ea" layout="0" popup="false" title="Web Content"><properties/><tools><tool id="7799df61-e6de-49e4-8f3c-13b9bde124bd" title="Web Content" toolId="sakai.iframe"><properties><property enc="BASE64" name="source" value="aHR0cDovL3Nha2FpcHJvamVjdC5vcmc="/></properties></tool></tools></page><page id="4bc6cdf0-c698-43c6-b0a8-1f540a0a6ca2" layout="0" popup="false" title="Wiki"><properties/><tools><tool id="53663bb1-df85-4104-ab3a-fa601720a60c" title="Wiki" toolId="sakai.rwiki"><properties/></tool></tools></page><page id="de294c22-dace-4833-9fe4-340012475442" layout="0" popup="false" title="Wizards"><properties/><tools><tool id="72abbdc6-be06-4dba-9c3e-2268a6269917" title="Wizards" toolId="osp.wizard"><properties/></tool></tools></page><page id="e96b2a46-8711-4dd7-ad0e-0177173f0397" layout="0" popup="false" title="Site Info"><properties/><tools><tool id="08505d21-8c4d-4b33-a654-ec5a29ee0026" title="Site Info" toolId="sakai.siteinfo"><properties/></tool></tools></page></pages><roles><Student><ability roleId="Student" userId="570a2794-3155-4e30-9707-38b20b5f9fa0"/><ability roleId="Student" userId="e4903019-225a-48d5-aa96-e4be70b2750b"/><ability roleId="Student" userId="1e00b280-a9a0-468e-9946-975e37214892"/><ability roleId="Student" userId="7f6e3890-236e-4510-8813-a6ad6df472b9"/><ability roleId="Student" userId="a9bf0f3f-25ce-46c8-81da-121c98143e27"/><ability roleId="Student" userId="483cf97f-f5ca-4c4f-8952-5aaae4cda00d"/><ability roleId="Student" userId="351f5d51-57bb-4dd5-9e24-9fa7b494a739"/><ability roleId="Student" userId="542253dd-acb3-4c77-b5a6-f45614b932dc"/><ability roleId="Student" userId="04cebf13-e2aa-494f-a0d8-d8cec38c72db"/><ability roleId="Student" userId="73ec31eb-8836-4773-a267-59875694acdf"/><ability roleId="Student" userId="a03d8991-5a9d-4dfa-a2eb-82b67047b1ac"/><ability roleId="Student" userId="d5fe9b49-5578-47f0-92a5-441be55e2954"/><ability roleId="Student" userId="df7e0a8c-d09b-4553-a631-103fbe0dffa0"/><ability roleId="Student" userId="887f4abf-f7a1-4fe5-bfbd-2b62cbe37d48"/><ability roleId="Student" userId="c2467ca1-1968-4461-a025-a188e4c327e2"/><ability roleId="Student" userId="8fa7c924-00d4-45f4-89a2-3d74b6ac54cd"/><ability roleId="Student" userId="cd40615f-2ca4-4c5c-8267-da1613858ad5"/><ability roleId="Student" userId="9f835790-3a01-4d2b-ba42-6453406de9c3"/><ability roleId="Student" userId="63d5db1c-d47f-4f20-abe7-1c094f170ac8"/><ability roleId="Student" userId="70f9d9fd-aa05-4a85-908d-965fbb3b044a"/><ability roleId="Student" userId="af2fbe92-2837-4de3-97a6-c88801701ae2"/><ability roleId="Student" userId="2b19f0d3-f07f-4813-a430-6bdc787d37d7"/><ability roleId="Student" userId="21e081b1-9637-467f-80ce-c335b58f41cf"/><ability roleId="Student" userId="feafe8a4-24d7-4133-bd72-181398803c01"/><ability roleId="Student" userId="27900dee-0278-406b-bc63-ff705ffcff63"/><ability roleId="Student" userId="deca65d8-299d-4fe5-918b-f91087572720"/><ability roleId="Student" userId="6ed21009-8385-49a4-874b-0fd31e07d12c"/><ability roleId="Student" userId="986b369c-5fd5-425c-983d-61baf99e3c27"/><ability roleId="Student" userId="53704487-3108-4c26-9eef-eec8d5f33c8f"/><ability roleId="Student" userId="368a5a8f-b306-4530-a988-a87ea0d02fd8"/><ability roleId="Student" userId="5f16cbc6-fa89-40f0-ae34-95a07ddc122b"/><ability roleId="Student" userId="d129869c-eb57-43f7-b311-01a38496d953"/><ability roleId="Student" userId="1b9b26b2-40f0-4f79-bbc5-4a29aae869d6"/><ability roleId="Student" userId="fbd7b9da-2019-4640-abd9-da1e62dbf43f"/><ability roleId="Student" userId="8026bf14-98bb-4fe1-8247-b4c509a3a74b"/><ability roleId="Student" userId="c890975b-545e-4d72-b0ee-94b8a7952b33"/><ability roleId="Student" userId="2e5d8412-b846-4f19-be39-5342fbd533fa"/><ability roleId="Student" userId="6e1de0f2-7b20-4e98-990f-11ffebe1f03c"/><ability roleId="Student" userId="612051bb-cd5c-4a7b-804f-8705faba5622"/><ability roleId="Student" userId="1a1e0f88-8630-4226-9d57-bbf270596968"/><ability roleId="Student" userId="d8242437-36a9-4f82-a3c6-39fa4572024e"/><ability roleId="Student" userId="fd7ab637-4279-4544-8ad2-23a02ad82fdf"/><ability roleId="Student" userId="4305d7f8-2bc4-455c-9400-cfb41b4dd3ee"/><ability roleId="Student" userId="984821b1-ec98-43fa-b94b-1973ddd72038"/><ability roleId="Student" userId="64c50a42-2e3d-48b2-be56-e2812ab74d94"/><ability roleId="Student" userId="9138ae98-64ba-46f8-9978-4cb4d3d8a6a9"/><ability roleId="Student" userId="ebcc4710-b1d3-42c1-ae4c-e668ff82a3ef"/><ability roleId="Student" userId="4b73f7bc-0be8-4861-b60c-3c020bb1ec74"/><ability roleId="Student" userId="bf1b8071-e302-462c-9719-991597408ce8"/><ability roleId="Student" userId="48a801a9-2060-4221-ae89-20685bcb675d"/><ability roleId="Student" userId="831eb91a-0ac7-4acd-8b58-fc46b3b15b85"/><ability roleId="Student" userId="7e158d11-9755-4961-a815-338f0261a656"/><ability roleId="Student" userId="f6e6ba25-c8c0-4759-bb41-17bff23bd4fe"/><ability roleId="Student" userId="fed03be2-74f4-482b-9fba-b7f625b72708"/><ability roleId="Student" userId="e52dea89-6f58-4aff-9e20-7ec2a0dc59f0"/><ability roleId="Student" userId="2f6dc910-e18f-4351-891f-50e0bdc592da"/><ability roleId="Student" userId="610aeeb5-2bc8-469b-bc29-91de893f854a"/><ability roleId="Student" userId="6a616468-e898-4cb2-a3d2-11991b58cd3e"/><ability roleId="Student" userId="ea1752bb-98ba-4bde-97b8-311b0962bcf6"/><ability roleId="Student" userId="7f5f4266-fe7c-4bca-a21a-f0314a505a6c"/><ability roleId="Student" userId="94e3f2fe-df4b-4585-9e9b-b30ba56a9144"/><ability roleId="Student" userId="26c2ebc6-ca02-430a-960c-52d042c9aa10"/><ability roleId="Student" userId="b23dabed-724e-49ad-a4a8-9e6fc0b81d33"/><ability roleId="Student" userId="e5310aa8-cfbb-491f-ac09-c3b362792b5c"/><ability roleId="Student" userId="daf202b7-0f52-41f8-91c7-1e69b4d72531"/><ability roleId="Student" userId="06e3e7dc-9fe9-4a94-b192-16c3288c4d94"/><ability roleId="Student" userId="0e352d78-cf96-4de0-8c7f-cb1d9c92b32c"/><ability roleId="Student" userId="5829a989-e4c3-4bb2-9443-d6be355c0e7b"/><ability roleId="Student" userId="0a6cda64-cd59-479f-ac44-1246f7020cde"/><ability roleId="Student" userId="125c1a7e-ec7d-4a20-ba18-ccb0dae29c23"/><ability roleId="Student" userId="60eae3aa-0f80-4dc3-a134-559aaf1687ab"/><ability roleId="Student" userId="fc7e3ee8-1083-4886-84cc-f73f8d48cadb"/><ability roleId="Student" userId="35300acc-7eac-44ac-8d90-f53b3208cb22"/><ability roleId="Student" userId="2746cdc8-3351-4a32-9b0a-a77c26b39d3d"/><ability roleId="Student" userId="b0551bf6-a4c5-4f0e-8e9e-170bf0e7321d"/><ability roleId="Student" userId="aea9aafc-4988-4cdf-a1c1-2ab7bd02389a"/><ability roleId="Student" userId="a27b5fc8-ce33-4ce1-b1ba-cc335c65fdff"/><ability roleId="Student" userId="94128a9a-823c-445a-a347-92fe069a9c75"/><ability roleId="Student" userId="50102ead-13e6-4d62-9cbf-00c99e5229f9"/><ability roleId="Student" userId="c2b9eba1-9249-452c-bc0f-e21117172ca0"/><ability roleId="Student" userId="628f163a-4b03-4e35-b85c-da7ecc5cfde6"/><ability roleId="Student" userId="a10a3877-d320-43f4-a060-4ab43c5aa91d"/><ability roleId="Student" userId="3812ec2f-3171-4c7a-9e8b-7422385b34eb"/><ability roleId="Student" userId="f373e23d-fe40-4d36-81e2-ff71a4da8eee"/><ability roleId="Student" userId="b1298d16-be39-4571-9a5f-8a5da1cb99e9"/><ability roleId="Student" userId="284f9790-311c-47dc-b807-ee5bcee99fac"/><ability roleId="Student" userId="087d847a-5296-46df-b5d2-22a432ff7992"/><ability roleId="Student" userId="dd542872-674d-4eac-a43c-418bd3c55384"/><ability roleId="Student" userId="9ca94e43-616c-408f-b3e2-4e3f56f87674"/><ability roleId="Student" userId="84011ac8-2597-495f-9d3a-8491ced3e28e"/><ability roleId="Student" userId="0c167a64-588a-433c-99b1-b3ced7d515b4"/><ability roleId="Student" userId="84c42774-4040-48be-b70c-5f1ad82b079f"/><ability roleId="Student" userId="d7e705fd-e9ca-4afd-af34-9f65afec657c"/><ability roleId="Student" userId="4db3253e-4043-4f3a-b7d2-5665d58e6fa9"/><ability roleId="Student" userId="2ed1124d-61ab-497d-b2e0-e83bd72b3000"/><ability roleId="Student" userId="1bff013c-7165-4d30-8bce-4e2a583d7fa7"/><ability roleId="Student" userId="9fedd708-247c-4eae-88be-f655bbc662a4"/><ability roleId="Student" userId="f27dcbf7-4859-4043-b03c-f6199b96e31e"/><ability roleId="Student" userId="692b45f4-0f5b-4b4b-bfd7-159e0977d975"/><ability roleId="Student" userId="0a8ecf7f-9147-4352-a597-051deb6d90fc"/><ability roleId="Student" userId="59de2c2a-5655-4d6e-a193-746960e6850a"/><ability roleId="Student" userId="04d59fe9-b79d-4a0b-ab18-a4f202195d0e"/><ability roleId="Student" userId="06f9c038-b138-41ed-9fd7-940b19b869ec"/><ability roleId="Student" userId="e9eb11d1-900c-4399-8923-a92bfabc761f"/><ability roleId="Student" userId="c2767fdb-00a4-4887-b717-46867a0a037e"/><ability roleId="Student" userId="6108181c-c997-4e99-8d73-3541b9d07cc5"/><ability roleId="Student" userId="09a9f065-f0d2-4e41-a9a9-897d5c76a395"/><ability roleId="Student" userId="93424e8f-dd42-4067-8bc7-0910d8906355"/><ability roleId="Student" userId="88e464b4-f60b-438a-a2a4-847b048e290f"/><ability roleId="Student" userId="79f21f25-9ff4-4cb2-a02d-6b9161b88820"/><ability roleId="Student" userId="a74d07f7-0b3e-4572-bab8-d4b917668174"/><ability roleId="Student" userId="bedc75d6-453d-4dba-825a-a5a2b1a3d240"/><ability roleId="Student" userId="03605855-eda1-42c3-b19a-378578375ad8"/><ability roleId="Student" userId="7b521d59-62ef-4b2d-9392-3f71635f9169"/><ability roleId="Student" userId="5df89995-0a24-46b5-9f51-0ec08e457b35"/><ability roleId="Student" userId="c0d49ebc-783a-4bd2-b35b-9336b8116e13"/><ability roleId="Student" userId="5a37a973-a81a-4ba7-890b-10831978bb40"/><ability roleId="Student" userId="7f55a7e1-6a97-42d0-b85a-f6d8fc652012"/><ability roleId="Student" userId="019a2964-5af4-4306-908a-6d387e8f0bcc"/><ability roleId="Student" userId="2099ec4b-fa7e-45fe-85ef-d56bb4715323"/><ability roleId="Student" userId="395e5ab4-c531-4038-971f-4174c7d72344"/><ability roleId="Student" userId="3430b7cd-d471-4239-a90a-bcdbfa0221bf"/><ability roleId="Student" userId="09143849-e2d2-474e-9f6e-35d5018e8a6d"/><ability roleId="Student" userId="8be44390-d2ed-421e-8e23-2074af73c866"/><ability roleId="Student" userId="2bb19e96-6a62-416e-bac1-3e079f0b7b8a"/><ability roleId="Student" userId="6ee3db0a-0569-42fc-ab04-700ae884b564"/><ability roleId="Student" userId="f3a98816-b8c8-4e39-b50b-1fc650afba9d"/><ability roleId="Student" userId="b48914ac-b200-4c37-9019-d4e254aa67bd"/><ability roleId="Student" userId="e40ebc6f-2cd4-4f3a-8153-1538a7e6bf6d"/><ability roleId="Student" userId="e5bdb97e-210f-431e-886b-b167aba23a06"/><ability roleId="Student" userId="3bd7eb77-423e-4498-bce8-623307d4c85d"/><ability roleId="Student" userId="c49e6a2b-4709-4631-89e0-156f9b5c0160"/><ability roleId="Student" userId="cbea14c8-7b9a-40ab-82cf-53cfcd3a50ed"/><ability roleId="Student" userId="b4168130-d8f6-4c46-b28e-3188be3d8e40"/><ability roleId="Student" userId="79276c5e-95d4-4296-b3c3-4ca622a316e2"/><ability roleId="Student" userId="b82ef3d8-c359-4caf-b687-481b02a6ba8f"/><ability roleId="Student" userId="b88df6cb-ac32-4564-8e3a-fbd5d2382086"/><ability roleId="Student" userId="b493c3fd-ab25-42e3-826b-69ef950eca68"/><ability roleId="Student" userId="cbd73b05-8910-4daa-a922-287e0694ce7c"/><ability roleId="Student" userId="76b843cf-eea4-4500-a911-d4cb9b80c1c7"/><ability roleId="Student" userId="f8db5432-d33c-4a4b-a168-09371cccd5c2"/><ability roleId="Student" userId="6a32ed18-380f-444b-a919-dd7ee24faf4d"/><ability roleId="Student" userId="53114c48-365c-44e3-a229-cbc3006d4645"/><ability roleId="Student" userId="470ab181-8cf1-42db-a257-dd2eba9dad83"/><ability roleId="Student" userId="9e2c78d2-15dc-439f-ae1a-df600a4806bf"/><ability roleId="Student" userId="a34f1037-8750-439b-819c-273b8a053d2b"/><ability roleId="Student" userId="d02e7cff-02d1-480a-a3e4-44bd84c770f2"/><ability roleId="Student" userId="14377fd7-7503-4912-b74d-058b2a152e2f"/><ability roleId="Student" userId="8bcfce7a-a950-47ab-bb40-aec0391ab3d1"/><ability roleId="Student" userId="a85e4a50-d392-48c2-9a5a-44180c85fb10"/><ability roleId="Student" userId="075fc267-c951-46b8-a86f-b1b14ecf95ab"/><ability roleId="Student" userId="8b198a6a-6b2f-47f7-821f-f18953f98f5d"/><ability roleId="Student" userId="bca23c71-a894-4e37-9c31-0902c5765dc5"/><ability roleId="Student" userId="cb6d03f9-5095-488f-be41-859eb0117e3c"/><ability roleId="Student" userId="248f14cb-f950-496f-8151-5eaff6718eb3"/><ability roleId="Student" userId="997f563a-43ec-4f38-afb6-21c6e3216c74"/><ability roleId="Student" userId="4f00ec36-29e4-43da-9360-20ac87d420b3"/><ability roleId="Student" userId="5c0d95b0-a351-4376-947f-0276a3221616"/><ability roleId="Student" userId="dd277266-213b-4b8c-a358-8d177c5c47be"/><ability roleId="Student" userId="b503c1ec-a9cb-4e56-9add-0510f764360f"/><ability roleId="Student" userId="f7e99225-9e69-4ba7-adad-eb114be3c60e"/><ability roleId="Student" userId="0691a01e-7b67-4a9c-b9dd-c5dc8cf8ba4b"/><ability roleId="Student" userId="18e66594-8008-444c-a720-eab0cb0ddeb2"/><ability roleId="Student" userId="e11081ef-5caa-4a75-9dd9-e43f848aaa92"/><ability roleId="Student" userId="063f714b-2f3c-4390-ade3-109eb41e42b9"/><ability roleId="Student" userId="840dee42-026a-419d-a2e7-69e8a992a7c0"/><ability roleId="Student" userId="fec50f02-3b42-4732-9c17-5f31e424d91c"/><ability roleId="Student" userId="a35b77b7-4cfc-4fda-bd27-29f842d8ef14"/><ability roleId="Student" userId="6f440a10-a357-47b0-82c7-e8988852c928"/><ability roleId="Student" userId="09311cc5-0fd8-46b7-915d-5121df0d3929"/><ability roleId="Student" userId="e8fdebe9-cfa6-4f2c-9a62-c0dbc0eb4f4b"/><ability roleId="Student" userId="8d059b44-f021-412f-91ea-c9ef79210834"/><ability roleId="Student" userId="d328f3cb-55c8-4e9e-a5dc-e1a8acd371a9"/><ability roleId="Student" userId="13ac2095-4729-4c1a-bf73-0805338613a4"/><ability roleId="Student" userId="2c2d523e-0f9c-461d-b8b4-105e87040d01"/><ability roleId="Student" userId="6671694f-cd9d-4cb3-ae74-7799a8c64a8d"/><ability roleId="Student" userId="1d5ce774-e65b-45b9-ac08-f4e22108dc8d"/><ability roleId="Student" userId="c40a80e8-8d13-4487-8c58-bd208c1038d3"/><ability roleId="Student" userId="7b685c82-2cb0-4690-95c5-922da81c70bb"/><ability roleId="Student" userId="42a86cc3-3d20-411f-8d77-9d4f92da89a7"/><ability roleId="Student" userId="b5945446-2f7d-4f40-a921-b5448b5fb184"/></Student><Instructor><ability roleId="Instructor" userId="58bc0e1c-3098-49eb-9133-303229d51546"/><ability roleId="Instructor" userId="aef54abb-2547-4157-9f0b-3c749adbe47a"/><ability roleId="Instructor" userId="f0ad38fa-b2e8-49ce-aa4d-f2442f232a56"/><ability roleId="Instructor" userId="admin"/><ability roleId="Instructor" userId="995b94f1-5e83-4452-bc5a-f1e5f93d73e4"/></Instructor></roles></site></sakai:site></archive>