<?xml version="1.0" encoding="UTF-8"?>
<archive date="20091007185846621" server="localhost" source="e9e0b381-79d1-4d84-8f95-ab824fe6f253" system="Sakai 1.0"><org.sakaiproject.api.app.syllabus.SyllabusService><siteArchive siteId="SMPL101 Spring 2009" siteName="e9e0b381-79d1-4d84-8f95-ab824fe6f253"><syllabus contextId="e9e0b381-79d1-4d84-8f95-ab824fe6f253" id="1" redirectUrl="" userID="admin"><syllabus_data emailNotification="none" position="1" status="Posted" syllabus_id="1" title="Item 1" view="no"><asset syllabus_body-html="PGgzPiZuYnNwO0l0ZW0gMSBDb250ZW50PC9oMz4="/></syllabus_data><syllabus_data emailNotification="none" position="2" status="Posted" syllabus_id="2" title="Item 2" view="no"><asset syllabus_body-html="PGgzPiZuYnNwO0l0ZW0gMiBDb250ZW50PC9oMz4="/></syllabus_data></syllabus></siteArchive></org.sakaiproject.api.app.syllabus.SyllabusService></archive>